name,artifact_dir,nrows,ncols,matrix_nrows,matrix_ncols,nnz_max_capacity,max_time,min_time,max_chain_time,min_chain_time,passed,status,failed_step,error_type,returncode,saved_make_log,cli_tail
matrix_2097152rows_16nnzperrow_64,/projects/cerebras/sandbox/maytayl/matrix-space/matrix_2097152rows_16nnzperrow_64_cache,,,,,,,,,,,skipped,,,,,
matrix_2097152rows_64nnzperrow_64,/projects/cerebras/sandbox/maytayl/matrix-space/matrix_2097152rows_64nnzperrow_64_cache,,,,,,,,,,,skipped,,,,,
matrix_2097152rows_16nnzperrow_128,/projects/cerebras/sandbox/maytayl/matrix-space/matrix_2097152rows_16nnzperrow_128_cache,,,,,,,,,,,skipped,,,,,
matrix_2097152rows_64nnzperrow_128,/projects/cerebras/sandbox/maytayl/matrix-space/matrix_2097152rows_64nnzperrow_128_cache,,,,,,,,,,,skipped,,,,,
matrix_2097152rows_16nnzperrow_256,/projects/cerebras/sandbox/maytayl/matrix-space/matrix_2097152rows_16nnzperrow_256_cache,256,256,2097152,2097152,613,,,,,,error,make,nonzero_exit,2,/projects/cerebras/sandbox/maytayl/groc-scratch-summer26/spmv/spmv32/scripts/saved_make_logs/005_matrix_2097152rows_16nnzperrow_256_make-log,"spmv32                  :  Command  exited    withnon-zero  status       2 0:00.78 FAIL smoke [ NROWS=256 XPERCOL=8192 NCOLS=256 ROWSPERPE=8192 NNZ_CAPACITY=613 MATRIX_NNZ=33554432 MIN_NNZ=407 ] 
make: *** [/projects/cerebras/sandbox/sysroot-generic-20260715/share/build/test.mk:150: status/test-smoke/bench.img] Error 1
"
matrix_2097152rows_64nnzperrow_256,/projects/cerebras/sandbox/maytayl/matrix-space/matrix_2097152rows_64nnzperrow_256_cache,256,256,2097152,2097152,2252,,,,,,error,make,nonzero_exit,2,/projects/cerebras/sandbox/maytayl/groc-scratch-summer26/spmv/spmv32/scripts/saved_make_logs/006_matrix_2097152rows_64nnzperrow_256_make-log,"spmv32                  :  Command  exited    withnon-zero  status       2 0:00.85 FAIL smoke [ NROWS=256 XPERCOL=8192 NCOLS=256 ROWSPERPE=8192 NNZ_CAPACITY=2252 MATRIX_NNZ=134217728 MIN_NNZ=1843 ] 
make: *** [/projects/cerebras/sandbox/sysroot-generic-20260715/share/build/test.mk:150: status/test-smoke/bench.img] Error 1
"
matrix_524288rows_16nnzperrow_64,/projects/cerebras/sandbox/maytayl/matrix-space/matrix_524288rows_16nnzperrow_64_cache,64,64,524288,524288,2218,,,,,,error,make,nonzero_exit,2,/projects/cerebras/sandbox/maytayl/groc-scratch-summer26/spmv/spmv32/scripts/saved_make_logs/007_matrix_524288rows_16nnzperrow_64_make-log,"spmv32                  :  Command  exited    withnon-zero  status       2 0:00.77 FAIL smoke [ NROWS=64 XPERCOL=8192 NCOLS=64 ROWSPERPE=8192 NNZ_CAPACITY=2218 MATRIX_NNZ=8388608 MIN_NNZ=1887 ] 
make: *** [/projects/cerebras/sandbox/sysroot-generic-20260715/share/build/test.mk:150: status/test-smoke/bench.img] Error 1
"
matrix_524288rows_256nnzperrow_64,/projects/cerebras/sandbox/maytayl/matrix-space/matrix_524288rows_256nnzperrow_64_cache,,,,,,,,,,,skipped,,,,,
matrix_524288rows_64nnzperrow_64,/projects/cerebras/sandbox/maytayl/matrix-space/matrix_524288rows_64nnzperrow_64_cache,64,64,524288,524288,8509,,,,,,error,make,nonzero_exit,2,/projects/cerebras/sandbox/maytayl/groc-scratch-summer26/spmv/spmv32/scripts/saved_make_logs/009_matrix_524288rows_64nnzperrow_64_make-log,"spmv32                  :  Command  exited    withnon-zero  status       2 0:00.78 FAIL smoke [ NROWS=64 XPERCOL=8192 NCOLS=64 ROWSPERPE=8192 NNZ_CAPACITY=8509 MATRIX_NNZ=33554432 MIN_NNZ=7878 ] 
make: *** [/projects/cerebras/sandbox/sysroot-generic-20260715/share/build/test.mk:150: status/test-smoke/bench.img] Error 1
"
matrix_2097152rows_16nnzperrow_384,/projects/cerebras/sandbox/maytayl/matrix-space/matrix_2097152rows_16nnzperrow_384_cache,384,384,2097152,2097152,305,24745.0,23582.0,7354.0,4018.0,True,ok,,,,,
matrix_2097152rows_64nnzperrow_384,/projects/cerebras/sandbox/maytayl/matrix-space/matrix_2097152rows_64nnzperrow_384_cache,384,384,2097152,2097152,1056,,,,,,error,make,nonzero_exit,2,/projects/cerebras/sandbox/maytayl/groc-scratch-summer26/spmv/spmv32/scripts/saved_make_logs/011_matrix_2097152rows_64nnzperrow_384_make-log,"spmv32                  :  Command  exited    withnon-zero  status       2 0:00.84 FAIL smoke [ NROWS=384 XPERCOL=5462 NCOLS=384 ROWSPERPE=5462 NNZ_CAPACITY=1056 MATRIX_NNZ=134217728 MIN_NNZ=781 ] 
make: *** [/projects/cerebras/sandbox/sysroot-generic-20260715/share/build/test.mk:150: status/test-smoke/bench.img] Error 1
"
matrix_2097152rows_16nnzperrow_512,/projects/cerebras/sandbox/maytayl/matrix-space/matrix_2097152rows_16nnzperrow_512_cache,512,512,2097152,2097152,189,20938.0,19934.0,4570.0,1954.0,True,ok,,,,,
matrix_2097152rows_64nnzperrow_512,/projects/cerebras/sandbox/maytayl/matrix-space/matrix_2097152rows_64nnzperrow_512_cache,512,512,2097152,2097152,613,31160.0,29480.0,14746.0,9850.0,True,ok,,,,,
matrix_524288rows_16nnzperrow_128,/projects/cerebras/sandbox/maytayl/matrix-space/matrix_524288rows_16nnzperrow_128_cache,128,128,524288,524288,601,25254.0,23774.0,14458.0,10042.0,True,ok,,,,,
matrix_524288rows_256nnzperrow_128,/projects/cerebras/sandbox/maytayl/matrix-space/matrix_524288rows_256nnzperrow_128_cache,128,128,524288,524288,8556,,,,,,error,make,nonzero_exit,2,/projects/cerebras/sandbox/maytayl/groc-scratch-summer26/spmv/spmv32/scripts/saved_make_logs/015_matrix_524288rows_256nnzperrow_128_make-log,"spmv32                  :  Command  exited    withnon-zero  status       2 0:00.78 FAIL smoke [ NROWS=128 XPERCOL=4096 NCOLS=128 ROWSPERPE=4096 NNZ_CAPACITY=8556 MATRIX_NNZ=134217728 MIN_NNZ=7851 ] 
make: *** [/projects/cerebras/sandbox/sysroot-generic-20260715/share/build/test.mk:150: status/test-smoke/bench.img] Error 1
"
matrix_524288rows_64nnzperrow_128,/projects/cerebras/sandbox/maytayl/matrix-space/matrix_524288rows_64nnzperrow_128_cache,128,128,524288,524288,2250,,,,,,error,make,nonzero_exit,2,/projects/cerebras/sandbox/maytayl/groc-scratch-summer26/spmv/spmv32/scripts/saved_make_logs/016_matrix_524288rows_64nnzperrow_128_make-log,"spmv32                  :  Command  exited    withnon-zero  status       2 0:00.78 FAIL smoke [ NROWS=128 XPERCOL=4096 NCOLS=128 ROWSPERPE=4096 NNZ_CAPACITY=2250 MATRIX_NNZ=33554432 MIN_NNZ=1852 ] 
make: *** [/projects/cerebras/sandbox/sysroot-generic-20260715/share/build/test.mk:150: status/test-smoke/bench.img] Error 1
"
matrix_131072rows_1024nnzperrow_64,/projects/cerebras/sandbox/maytayl/matrix-space/matrix_131072rows_1024nnzperrow_64_cache,,,,,,,,,,,skipped,,,,,
matrix_131072rows_16nnzperrow_64,/projects/cerebras/sandbox/maytayl/matrix-space/matrix_131072rows_16nnzperrow_64_cache,64,64,131072,131072,595,19815.0,18389.0,14314.0,10258.0,True,ok,,,,,
matrix_131072rows_256nnzperrow_64,/projects/cerebras/sandbox/maytayl/matrix-space/matrix_131072rows_256nnzperrow_64_cache,64,64,131072,131072,8522,,,,,,error,make,nonzero_exit,2,/projects/cerebras/sandbox/maytayl/groc-scratch-summer26/spmv/spmv32/scripts/saved_make_logs/019_matrix_131072rows_256nnzperrow_64_make-log,"spmv32                  :  Command  exited    withnon-zero  status       2 0:00.78 FAIL smoke [ NROWS=64 XPERCOL=2048 NCOLS=64 ROWSPERPE=2048 NNZ_CAPACITY=8522 MATRIX_NNZ=33554432 MIN_NNZ=7837 ] 
make: *** [/projects/cerebras/sandbox/sysroot-generic-20260715/share/build/test.mk:150: status/test-smoke/bench.img] Error 1
"
matrix_131072rows_64nnzperrow_64,/projects/cerebras/sandbox/maytayl/matrix-space/matrix_131072rows_64nnzperrow_64_cache,64,64,131072,131072,2221,58854.0,55892.0,53338.0,45082.0,True,ok,,,,,
matrix_524288rows_16nnzperrow_256,/projects/cerebras/sandbox/maytayl/matrix-space/matrix_524288rows_16nnzperrow_256_cache,256,256,524288,524288,181,12337.0,11479.0,4378.0,2026.0,True,ok,,,,,
matrix_524288rows_256nnzperrow_256,/projects/cerebras/sandbox/maytayl/matrix-space/matrix_524288rows_256nnzperrow_256_cache,256,256,524288,524288,2266,62396.0,58793.0,54418.0,44890.0,True,ok,,,,,
matrix_524288rows_64nnzperrow_256,/projects/cerebras/sandbox/maytayl/matrix-space/matrix_524288rows_64nnzperrow_256_cache,256,256,524288,524288,608,22440.0,21105.0,14626.0,10210.0,True,ok,,,,,
matrix_524288rows_16nnzperrow_384,/projects/cerebras/sandbox/maytayl/matrix-space/matrix_524288rows_16nnzperrow_384_cache,384,384,524288,524288,93,10982.0,10142.0,2266.0,634.0,True,ok,,,,,
matrix_524288rows_256nnzperrow_384,/projects/cerebras/sandbox/maytayl/matrix-space/matrix_524288rows_256nnzperrow_384_cache,384,384,524288,524288,1041,33422.0,31312.0,25018.0,18538.0,True,ok,,,,,
matrix_524288rows_64nnzperrow_384,/projects/cerebras/sandbox/maytayl/matrix-space/matrix_524288rows_64nnzperrow_384_cache,384,384,524288,524288,302,15452.0,14410.0,7282.0,3970.0,True,ok,,,,,
matrix_131072rows_1024nnzperrow_128,/projects/cerebras/sandbox/maytayl/matrix-space/matrix_131072rows_1024nnzperrow_128_cache,128,128,131072,131072,8612,,,,,,error,make,nonzero_exit,2,/projects/cerebras/sandbox/maytayl/groc-scratch-summer26/spmv/spmv32/scripts/saved_make_logs/027_matrix_131072rows_1024nnzperrow_128_make-log,"spmv32                  :  Command  exited    withnon-zero  status       2 0:00.84 FAIL smoke [ NROWS=128 XPERCOL=1024 NCOLS=128 ROWSPERPE=1024 NNZ_CAPACITY=8612 MATRIX_NNZ=134217728 MIN_NNZ=7843 ] 
make: *** [/projects/cerebras/sandbox/sysroot-generic-20260715/share/build/test.mk:150: status/test-smoke/bench.img] Error 1
"
matrix_131072rows_16nnzperrow_128,/projects/cerebras/sandbox/maytayl/matrix-space/matrix_131072rows_16nnzperrow_128_cache,128,128,131072,131072,182,8252.0,7428.0,4402.0,2050.0,True,ok,,,,,
matrix_131072rows_256nnzperrow_128,/projects/cerebras/sandbox/maytayl/matrix-space/matrix_131072rows_256nnzperrow_128_cache,128,128,131072,131072,2216,56974.0,54613.0,53218.0,44122.0,True,ok,,,,,
matrix_131072rows_64nnzperrow_128,/projects/cerebras/sandbox/maytayl/matrix-space/matrix_131072rows_64nnzperrow_128_cache,128,128,131072,131072,601,18264.0,16850.0,14458.0,10234.0,True,ok,,,,,
matrix_524288rows_16nnzperrow_512,/projects/cerebras/sandbox/maytayl/matrix-space/matrix_524288rows_16nnzperrow_512_cache,512,512,524288,524288,61,11076.0,10643.0,1498.0,250.0,True,ok,,,,,
matrix_524288rows_256nnzperrow_512,/projects/cerebras/sandbox/maytayl/matrix-space/matrix_524288rows_256nnzperrow_512_cache,512,512,524288,524288,617,24160.0,22470.0,14842.0,9970.0,True,ok,,,,,
matrix_524288rows_64nnzperrow_512,/projects/cerebras/sandbox/maytayl/matrix-space/matrix_524288rows_64nnzperrow_512_cache,512,512,524288,524288,182,13838.0,12984.0,4402.0,1930.0,True,ok,,,,,
matrix_131072rows_1024nnzperrow_256,/projects/cerebras/sandbox/maytayl/matrix-space/matrix_131072rows_1024nnzperrow_256_cache,256,256,131072,131072,2241,58117.0,55302.0,53818.0,43978.0,True,ok,,,,,
matrix_131072rows_16nnzperrow_256,/projects/cerebras/sandbox/maytayl/matrix-space/matrix_131072rows_16nnzperrow_256_cache,256,256,131072,131072,59,6213.0,5743.0,1450.0,322.0,True,ok,,,,,
matrix_131072rows_256nnzperrow_256,/projects/cerebras/sandbox/maytayl/matrix-space/matrix_131072rows_256nnzperrow_256_cache,256,256,131072,131072,609,18987.0,17633.0,14650.0,10114.0,True,ok,,,,,
matrix_131072rows_64nnzperrow_256,/projects/cerebras/sandbox/maytayl/matrix-space/matrix_131072rows_64nnzperrow_256_cache,256,256,131072,131072,181,8985.0,8129.0,4378.0,1954.0,True,ok,,,,,
matrix_32768rows_1024nnzperrow_64,/projects/cerebras/sandbox/maytayl/matrix-space/matrix_32768rows_1024nnzperrow_64_cache,64,64,32768,32768,8511,,,,,,error,make,nonzero_exit,2,/projects/cerebras/sandbox/maytayl/groc-scratch-summer26/spmv/spmv32/scripts/saved_make_logs/038_matrix_32768rows_1024nnzperrow_64_make-log,"spmv32                  :  Command  exited    withnon-zero  status       2 0:00.77 FAIL smoke [ NROWS=64 XPERCOL=512 NCOLS=64 ROWSPERPE=512 NNZ_CAPACITY=8511 MATRIX_NNZ=33554432 MIN_NNZ=7833 ] 
make: *** [/projects/cerebras/sandbox/sysroot-generic-20260715/share/build/test.mk:150: status/test-smoke/bench.img] Error 1
"
matrix_32768rows_16nnzperrow_64,/projects/cerebras/sandbox/maytayl/matrix-space/matrix_32768rows_16nnzperrow_64_cache,64,64,32768,32768,170,6063.0,5327.0,4114.0,2146.0,True,ok,,,,,
matrix_32768rows_256nnzperrow_64,/projects/cerebras/sandbox/maytayl/matrix-space/matrix_32768rows_256nnzperrow_64_cache,64,64,32768,32768,2216,54847.0,52549.0,53218.0,45442.0,True,ok,,,,,
matrix_32768rows_64nnzperrow_64,/projects/cerebras/sandbox/maytayl/matrix-space/matrix_32768rows_64nnzperrow_64_cache,64,64,32768,32768,584,16057.0,14843.0,14050.0,10450.0,True,ok,,,,,
matrix_131072rows_1024nnzperrow_384,/projects/cerebras/sandbox/maytayl/matrix-space/matrix_131072rows_1024nnzperrow_384_cache,384,384,131072,131072,1048,30941.0,28908.0,25186.0,18946.0,True,ok,,,,,
matrix_131072rows_16nnzperrow_384,/projects/cerebras/sandbox/maytayl/matrix-space/matrix_131072rows_16nnzperrow_384_cache,384,384,131072,131072,32,7141.0,6766.0,802.0,58.0,True,ok,,,,,
matrix_131072rows_256nnzperrow_384,/projects/cerebras/sandbox/maytayl/matrix-space/matrix_131072rows_256nnzperrow_384_cache,384,384,131072,131072,294,13074.0,12124.0,7090.0,3586.0,True,ok,,,,,
matrix_131072rows_64nnzperrow_384,/projects/cerebras/sandbox/maytayl/matrix-space/matrix_131072rows_64nnzperrow_384_cache,384,384,131072,131072,91,8444.0,7830.0,2218.0,658.0,True,ok,,,,,
matrix_131072rows_1024nnzperrow_512,/projects/cerebras/sandbox/maytayl/matrix-space/matrix_131072rows_1024nnzperrow_512_cache,512,512,131072,131072,622,22478.0,20730.0,14962.0,9850.0,True,ok,,,,,
matrix_131072rows_16nnzperrow_512,/projects/cerebras/sandbox/maytayl/matrix-space/matrix_131072rows_16nnzperrow_512_cache,512,512,131072,131072,23,8580.0,8276.0,586.0,33.0,True,ok,,,,,
matrix_131072rows_256nnzperrow_512,/projects/cerebras/sandbox/maytayl/matrix-space/matrix_131072rows_256nnzperrow_512_cache,512,512,131072,131072,184,12136.0,11306.0,4450.0,1906.0,True,ok,,,,,
matrix_131072rows_64nnzperrow_512,/projects/cerebras/sandbox/maytayl/matrix-space/matrix_131072rows_64nnzperrow_512_cache,512,512,131072,131072,62,9371.0,8904.0,1522.0,250.0,True,ok,,,,,
matrix_32768rows_1024nnzperrow_128,/projects/cerebras/sandbox/maytayl/matrix-space/matrix_32768rows_1024nnzperrow_128_cache,128,128,32768,32768,2234,55992.0,52819.0,53650.0,44698.0,True,ok,,,,,
matrix_32768rows_16nnzperrow_128,/projects/cerebras/sandbox/maytayl/matrix-space/matrix_32768rows_16nnzperrow_128_cache,128,128,32768,32768,55,3728.0,3258.0,1354.0,322.0,True,ok,,,,,
matrix_32768rows_256nnzperrow_128,/projects/cerebras/sandbox/maytayl/matrix-space/matrix_32768rows_256nnzperrow_128_cache,128,128,32768,32768,596,16764.0,15253.0,14338.0,10354.0,True,ok,,,,,
matrix_32768rows_64nnzperrow_128,/projects/cerebras/sandbox/maytayl/matrix-space/matrix_32768rows_64nnzperrow_128_cache,128,128,32768,32768,174,6420.0,5705.0,4210.0,2122.0,True,ok,,,,,
matrix_32768rows_1024nnzperrow_256,/projects/cerebras/sandbox/maytayl/matrix-space/matrix_32768rows_1024nnzperrow_256_cache,256,256,32768,32768,620,18127.0,16465.0,14914.0,10234.0,True,ok,,,,,
matrix_32768rows_16nnzperrow_256,/projects/cerebras/sandbox/maytayl/matrix-space/matrix_32768rows_16nnzperrow_256_cache,256,256,32768,32768,21,4502.0,3897.0,538.0,33.0,True,ok,,,,,
matrix_32768rows_256nnzperrow_256,/projects/cerebras/sandbox/maytayl/matrix-space/matrix_32768rows_256nnzperrow_256_cache,256,256,32768,32768,189,7936.0,6887.0,4570.0,2050.0,True,ok,,,,,
matrix_32768rows_64nnzperrow_256,/projects/cerebras/sandbox/maytayl/matrix-space/matrix_32768rows_64nnzperrow_256_cache,256,256,32768,32768,60,5253.0,4500.0,1474.0,322.0,True,ok,,,,,
matrix_8192rows_1024nnzperrow_64,/projects/cerebras/sandbox/maytayl/matrix-space/matrix_8192rows_1024nnzperrow_64_cache,64,64,8192,8192,2215,53707.0,51477.0,53194.0,45850.0,True,ok,,,,,
matrix_8192rows_16nnzperrow_64,/projects/cerebras/sandbox/maytayl/matrix-space/matrix_8192rows_16nnzperrow_64_cache,64,64,8192,8192,53,2327.0,1713.0,1306.0,394.0,True,ok,,,,,
matrix_8192rows_256nnzperrow_64,/projects/cerebras/sandbox/maytayl/matrix-space/matrix_8192rows_256nnzperrow_64_cache,64,64,8192,8192,594,15059.0,13856.0,14290.0,10138.0,True,ok,,,,,
matrix_8192rows_64nnzperrow_64,/projects/cerebras/sandbox/maytayl/matrix-space/matrix_8192rows_64nnzperrow_64_cache,64,64,8192,8192,172,5035.0,4175.0,4162.0,2266.0,True,ok,,,,,
matrix_32768rows_1024nnzperrow_384,/projects/cerebras/sandbox/maytayl/matrix-space/matrix_32768rows_1024nnzperrow_384_cache,384,384,32768,32768,304,12154.0,10655.0,7330.0,3922.0,True,ok,,,,,
matrix_32768rows_16nnzperrow_384,/projects/cerebras/sandbox/maytayl/matrix-space/matrix_32768rows_16nnzperrow_384_cache,384,384,32768,32768,14,6038.0,5122.0,370.0,33.0,True,ok,,,,,
matrix_32768rows_256nnzperrow_384,/projects/cerebras/sandbox/maytayl/matrix-space/matrix_32768rows_256nnzperrow_384_cache,384,384,32768,32768,94,7752.0,6391.0,2290.0,634.0,True,ok,,,,,
matrix_32768rows_64nnzperrow_384,/projects/cerebras/sandbox/maytayl/matrix-space/matrix_32768rows_64nnzperrow_384_cache,384,384,32768,32768,33,6326.0,5314.0,826.0,58.0,True,ok,,,,,
matrix_32768rows_1024nnzperrow_512,/projects/cerebras/sandbox/maytayl/matrix-space/matrix_32768rows_1024nnzperrow_512_cache,512,512,32768,32768,183,11656.0,10833.0,4426.0,2026.0,True,ok,,,,,
matrix_32768rows_16nnzperrow_512,/projects/cerebras/sandbox/maytayl/matrix-space/matrix_32768rows_16nnzperrow_512_cache,512,512,32768,32768,11,7906.0,7721.0,298.0,33.0,True,ok,,,,,
matrix_32768rows_256nnzperrow_512,/projects/cerebras/sandbox/maytayl/matrix-space/matrix_32768rows_256nnzperrow_512_cache,512,512,32768,32768,65,8982.0,8421.0,1594.0,274.0,True,ok,,,,,
matrix_32768rows_64nnzperrow_512,/projects/cerebras/sandbox/maytayl/matrix-space/matrix_32768rows_64nnzperrow_512_cache,512,512,32768,32768,22,8244.0,7859.0,562.0,33.0,True,ok,,,,,
matrix_8192rows_1024nnzperrow_128,/projects/cerebras/sandbox/maytayl/matrix-space/matrix_8192rows_1024nnzperrow_128_cache,128,128,8192,8192,598,15846.0,14814.0,14386.0,10402.0,True,ok,,,,,
matrix_8192rows_16nnzperrow_128,/projects/cerebras/sandbox/maytayl/matrix-space/matrix_8192rows_16nnzperrow_128_cache,128,128,8192,8192,21,2513.0,2234.0,538.0,33.0,True,ok,,,,,
matrix_8192rows_256nnzperrow_128,/projects/cerebras/sandbox/maytayl/matrix-space/matrix_8192rows_256nnzperrow_128_cache,128,128,8192,8192,173,5882.0,5280.0,4186.0,2122.0,True,ok,,,,,
matrix_8192rows_64nnzperrow_128,/projects/cerebras/sandbox/maytayl/matrix-space/matrix_8192rows_64nnzperrow_128_cache,128,128,8192,8192,54,3300.0,2848.0,1330.0,346.0,True,ok,,,,,
matrix_8192rows_1024nnzperrow_256,/projects/cerebras/sandbox/maytayl/matrix-space/matrix_8192rows_1024nnzperrow_256_cache,256,256,8192,8192,179,7520.0,6130.0,4330.0,2026.0,True,ok,,,,,
matrix_8192rows_16nnzperrow_256,/projects/cerebras/sandbox/maytayl/matrix-space/matrix_8192rows_16nnzperrow_256_cache,256,256,8192,8192,10,3997.0,3024.0,274.0,33.0,True,ok,,,,,
matrix_8192rows_256nnzperrow_256,/projects/cerebras/sandbox/maytayl/matrix-space/matrix_8192rows_256nnzperrow_256_cache,256,256,8192,8192,58,4991.0,3782.0,1426.0,298.0,True,ok,,,,,
matrix_8192rows_64nnzperrow_256,/projects/cerebras/sandbox/maytayl/matrix-space/matrix_8192rows_64nnzperrow_256_cache,256,256,8192,8192,24,4257.0,3198.0,610.0,33.0,True,ok,,,,,
matrix_8192rows_1024nnzperrow_384,/projects/cerebras/sandbox/maytayl/matrix-space/matrix_8192rows_1024nnzperrow_384_cache,384,384,8192,8192,92,7636.0,6163.0,2242.0,562.0,True,ok,,,,,
matrix_8192rows_16nnzperrow_384,/projects/cerebras/sandbox/maytayl/matrix-space/matrix_8192rows_16nnzperrow_384_cache,384,384,8192,8192,8,5836.0,4870.0,226.0,33.0,True,ok,,,,,
matrix_8192rows_256nnzperrow_384,/projects/cerebras/sandbox/maytayl/matrix-space/matrix_8192rows_256nnzperrow_384_cache,384,384,8192,8192,35,6292.0,5224.0,874.0,58.0,True,ok,,,,,
matrix_8192rows_64nnzperrow_384,/projects/cerebras/sandbox/maytayl/matrix-space/matrix_8192rows_64nnzperrow_384_cache,384,384,8192,8192,15,5908.0,4901.0,394.0,33.0,True,ok,,,,,
matrix_8192rows_1024nnzperrow_512,/projects/cerebras/sandbox/maytayl/matrix-space/matrix_8192rows_1024nnzperrow_512_cache,512,512,8192,8192,56,8855.0,8357.0,1378.0,298.0,True,ok,,,,,
matrix_8192rows_16nnzperrow_512,/projects/cerebras/sandbox/maytayl/matrix-space/matrix_8192rows_16nnzperrow_512_cache,512,512,8192,8192,7,7690.0,7605.0,202.0,33.0,True,ok,,,,,
matrix_8192rows_256nnzperrow_512,/projects/cerebras/sandbox/maytayl/matrix-space/matrix_8192rows_256nnzperrow_512_cache,512,512,8192,8192,23,8050.0,7749.0,586.0,33.0,True,ok,,,,,
matrix_8192rows_64nnzperrow_512,/projects/cerebras/sandbox/maytayl/matrix-space/matrix_8192rows_64nnzperrow_512_cache,512,512,8192,8192,11,7775.0,7606.0,298.0,33.0,True,ok,,,,,
