name,artifact_dir,nrows,ncols,matrix_nrows,matrix_ncols,nnz_max_capacity,max_time,min_time,max_chain_time,min_chain_time,format,passed,status,failed_step,error_type,returncode,saved_make_log
atmosmodl.073026.256x256.cyclic,/projects/cerebras/sandbox/maytayl/suitesparse-matrices/cache/atmosmodl.073026.256x256.cyclic,256,255,1489752,1489752,160,,,,,,,error,make,nonzero_exit,2,/home/maytayl/wse-spmv/ss-eval/saved_make_logs/002_atmosmodl.073026.256x256.cyclic_make-log
atmosmodl.073026.384x384.cyclic,/projects/cerebras/sandbox/maytayl/suitesparse-matrices/cache/atmosmodl.073026.384x384.cyclic,384,383,1489752,1489752,73,16169.0,16047.0,1786.0,1642.0,,False,error,driver,RuntimeError,,/home/maytayl/wse-spmv/ss-eval/saved_make_logs/005_atmosmodl.073026.384x384.cyclic_make-log
atmosmodl.073026.512x512.cyclic,/projects/cerebras/sandbox/maytayl/suitesparse-matrices/cache/atmosmodl.073026.512x512.cyclic,512,511,1489752,1489752,41,15093.0,15006.0,1018.0,898.0,,False,error,driver,RuntimeError,,/home/maytayl/wse-spmv/ss-eval/saved_make_logs/007_atmosmodl.073026.512x512.cyclic_make-log
crankseg_1.073026.384x384.cyclic,/projects/cerebras/sandbox/maytayl/suitesparse-matrices/cache/crankseg_1.073026.384x384.cyclic,384,383,52804,52804,119,8795.0,7409.0,2890.0,922.0,,False,error,driver,RuntimeError,,/home/maytayl/wse-spmv/ss-eval/saved_make_logs/032_crankseg_1.073026.384x384.cyclic_make-log
crankseg_1.073026.512x512.cyclic,/projects/cerebras/sandbox/maytayl/suitesparse-matrices/cache/crankseg_1.073026.512x512.cyclic,512,511,52804,52804,89,9761.0,8412.0,2170.0,370.0,,False,error,driver,RuntimeError,,/home/maytayl/wse-spmv/ss-eval/saved_make_logs/035_crankseg_1.073026.512x512.cyclic_make-log
dielFilterV2real.073026.256x256.cyclic,/projects/cerebras/sandbox/maytayl/suitesparse-matrices/cache/dielFilterV2real.073026.256x256.cyclic,256,255,1157456,1157456,867,34239.0,32211.0,124638049104220.0,124638049104220.0,,False,error,driver,RuntimeError,,/home/maytayl/wse-spmv/ss-eval/saved_make_logs/047_dielFilterV2real.073026.256x256.cyclic_make-log
dielFilterV2real.073026.384x384.cyclic,/projects/cerebras/sandbox/maytayl/suitesparse-matrices/cache/dielFilterV2real.073026.384x384.cyclic,384,383,1157456,1157456,407,21942.0,20507.0,9802.0,6010.0,,False,error,driver,RuntimeError,,/home/maytayl/wse-spmv/ss-eval/saved_make_logs/050_dielFilterV2real.073026.384x384.cyclic_make-log
atmosmodl.073026.256x256.cyclic,/projects/cerebras/sandbox/maytayl/suitesparse-matrices/cache/atmosmodl.073026.256x256.cyclic,256,255,1489752,1489752,160,,,,,row,,error,make,nonzero_exit,2,/home/maytayl/wse-spmv/ss-eval/saved_make_logs/002_atmosmodl.073026.256x256.cyclic_make-log
atmosmodl.073026.384x384.cyclic,/projects/cerebras/sandbox/maytayl/suitesparse-matrices/cache/atmosmodl.073026.384x384.cyclic,384,383,1489752,1489752,73,85921.0,85805.0,71555.0,71399.0,row,False,error,driver,RuntimeError,,/home/maytayl/wse-spmv/ss-eval/saved_make_logs/005_atmosmodl.073026.384x384.cyclic_make-log
atmosmodl.073026.512x512.cyclic,/projects/cerebras/sandbox/maytayl/suitesparse-matrices/cache/atmosmodl.073026.512x512.cyclic,512,511,1489752,1489752,41,67433.0,67334.0,53358.0,53225.0,row,False,error,driver,RuntimeError,,/home/maytayl/wse-spmv/ss-eval/saved_make_logs/007_atmosmodl.073026.512x512.cyclic_make-log
crankseg_1.073026.384x384.cyclic,/projects/cerebras/sandbox/maytayl/suitesparse-matrices/cache/crankseg_1.073026.384x384.cyclic,384,383,52804,52804,119,10898.0,9686.0,5258.0,3354.0,row,False,error,driver,RuntimeError,,/home/maytayl/wse-spmv/ss-eval/saved_make_logs/032_crankseg_1.073026.384x384.cyclic_make-log
crankseg_1.073026.512x512.cyclic,/projects/cerebras/sandbox/maytayl/suitesparse-matrices/cache/crankseg_1.073026.512x512.cyclic,512,511,52804,52804,89,11332.0,10238.0,3936.0,2211.0,row,False,error,driver,RuntimeError,,/home/maytayl/wse-spmv/ss-eval/saved_make_logs/035_crankseg_1.073026.512x512.cyclic_make-log
dielFilterV2real.073026.256x256.cyclic,/projects/cerebras/sandbox/maytayl/suitesparse-matrices/cache/dielFilterV2real.073026.256x256.cyclic,256,255,1157456,1157456,867,,,,,row,,error,make,nonzero_exit,2,/home/maytayl/wse-spmv/ss-eval/saved_make_logs/047_dielFilterV2real.073026.256x256.cyclic_make-log
dielFilterV2real.073026.384x384.cyclic,/projects/cerebras/sandbox/maytayl/suitesparse-matrices/cache/dielFilterV2real.073026.384x384.cyclic,384,383,1157456,1157456,407,75733.0,73913.0,63650.0,60016.0,row,False,error,driver,RuntimeError,,/home/maytayl/wse-spmv/ss-eval/saved_make_logs/050_dielFilterV2real.073026.384x384.cyclic_make-log
dielFilterV2real.073026.512x512.cyclic,/projects/cerebras/sandbox/maytayl/suitesparse-matrices/cache/dielFilterV2real.073026.512x512.cyclic,512,511,1157456,1157456,248,58694.0,57493.0,46439.0,43569.0,row,False,error,driver,RuntimeError,,/home/maytayl/wse-spmv/ss-eval/saved_make_logs/053_dielFilterV2real.073026.512x512.cyclic_make-log
radiation.073026.512x512.cyclic,/projects/cerebras/sandbox/maytayl/suitesparse-matrices/cache/radiation.073026.512x512.cyclic,512,511,223104,223104,57,17538.0,16841.0,9195.0,8096.0,row,False,error,driver,RuntimeError,,/home/maytayl/wse-spmv/ss-eval/saved_make_logs/087_radiation.073026.512x512.cyclic_make-log
Chebyshev4.073026.256x256.cyclic,/projects/cerebras/sandbox/maytayl/suitesparse-matrices/cache/Chebyshev4.073026.256x256.cyclic,256,255,68121,68121,343,12485.0,5873.0,8266.0,1498.0,,True,ok,,,,
Chebyshev4.073026.384x384.cyclic,/projects/cerebras/sandbox/maytayl/suitesparse-matrices/cache/Chebyshev4.073026.384x384.cyclic,384,383,68121,68121,216,11093.0,6484.0,5218.0,418.0,,True,ok,,,,
Chebyshev4.073026.512x512.cyclic,/projects/cerebras/sandbox/maytayl/suitesparse-matrices/cache/Chebyshev4.073026.512x512.cyclic,512,511,68121,68121,180,11467.0,7949.0,4354.0,82.0,,True,ok,,,,
com-Youtube.073026.256x256.cyclic,/projects/cerebras/sandbox/maytayl/suitesparse-matrices/cache/com-Youtube.073026.256x256.cyclic,256,255,1134890,1134890,306,19613.0,16289.0,7378.0,922.0,,True,ok,,,,
com-Youtube.073026.384x384.random,/projects/cerebras/sandbox/maytayl/suitesparse-matrices/cache/com-Youtube.073026.384x384.random,384,384,1134890,1134890,174,15701.0,13175.0,4210.0,250.0,,True,ok,,,,
com-Youtube.073026.512x512.random,/projects/cerebras/sandbox/maytayl/suitesparse-matrices/cache/com-Youtube.073026.512x512.random,512,512,1134890,1134890,134,14989.0,12963.0,3250.0,58.0,,True,ok,,,,
crankseg_1.073026.256x256.cyclic,/projects/cerebras/sandbox/maytayl/suitesparse-matrices/cache/crankseg_1.073026.256x256.cyclic,256,255,52804,52804,220,9170.0,7845.0,5314.0,2770.0,,True,ok,,,,
Chebyshev4.073026.256x256.cyclic,/projects/cerebras/sandbox/maytayl/suitesparse-matrices/cache/Chebyshev4.073026.256x256.cyclic,256,255,68121,68121,343,13307.0,10672.0,12732.0,6228.0,row,True,ok,,,,
Chebyshev4.073026.384x384.cyclic,/projects/cerebras/sandbox/maytayl/suitesparse-matrices/cache/Chebyshev4.073026.384x384.cyclic,384,383,68121,68121,216,10080.0,9657.0,8209.0,3591.0,row,True,ok,,,,
Chebyshev4.073026.512x512.cyclic,/projects/cerebras/sandbox/maytayl/suitesparse-matrices/cache/Chebyshev4.073026.512x512.cyclic,512,511,68121,68121,180,11018.0,10340.0,6587.0,2475.0,row,True,ok,,,,
com-Youtube.073026.256x256.cyclic,/projects/cerebras/sandbox/maytayl/suitesparse-matrices/cache/com-Youtube.073026.256x256.cyclic,256,255,1134890,1134890,306,97443.0,95970.0,86869.0,80682.0,row,True,ok,,,,
com-Youtube.073026.384x384.random,/projects/cerebras/sandbox/maytayl/suitesparse-matrices/cache/com-Youtube.073026.384x384.random,384,384,1134890,1134890,174,67469.0,65874.0,57246.0,53433.0,row,True,ok,,,,
com-Youtube.073026.512x512.random,/projects/cerebras/sandbox/maytayl/suitesparse-matrices/cache/com-Youtube.073026.512x512.random,512,512,1134890,1134890,134,53345.0,52614.0,43024.0,39947.0,row,True,ok,,,,
crankseg_1.073026.256x256.cyclic,/projects/cerebras/sandbox/maytayl/suitesparse-matrices/cache/crankseg_1.073026.256x256.cyclic,256,255,52804,52804,220,12525.0,11125.0,8804.0,6384.0,row,True,ok,,,,
kron_g500-logn17.073026.256x256.cyclic,/projects/cerebras/sandbox/maytayl/suitesparse-matrices/cache/kron_g500-logn17.073026.256x256.cyclic,256,255,131072,131072,413,19716.0,18931.0,18750.0,9987.0,row,True,ok,,,,
kron_g500-logn17.073026.384x384.cyclic,/projects/cerebras/sandbox/maytayl/suitesparse-matrices/cache/kron_g500-logn17.073026.384x384.cyclic,384,383,131072,131072,220,15284.0,13646.0,11251.0,6357.0,row,True,ok,,,,
kron_g500-logn17.073026.512x512.cyclic,/projects/cerebras/sandbox/maytayl/suitesparse-matrices/cache/kron_g500-logn17.073026.512x512.cyclic,512,511,131072,131072,160,14301.0,12874.0,8325.0,4691.0,row,True,ok,,,,
radiation.073026.256x256.cyclic,/projects/cerebras/sandbox/maytayl/suitesparse-matrices/cache/radiation.073026.256x256.cyclic,256,255,223104,223104,170,25063.0,23726.0,19625.0,17504.0,row,True,ok,,,,
radiation.073026.384x384.cyclic,/projects/cerebras/sandbox/maytayl/suitesparse-matrices/cache/radiation.073026.384x384.cyclic,384,383,223104,223104,96,19156.0,18437.0,12703.0,11070.0,row,True,ok,,,,
atmosmodl.073026.256x256.blocked,/projects/cerebras/sandbox/maytayl/suitesparse-matrices/cache/atmosmodl.073026.256x256.blocked,,,,,,,,,,,,skipped,,,,
atmosmodl.073026.256x256.random,/projects/cerebras/sandbox/maytayl/suitesparse-matrices/cache/atmosmodl.073026.256x256.random,,,,,,,,,,,,skipped,,,,
atmosmodl.073026.384x384.blocked,/projects/cerebras/sandbox/maytayl/suitesparse-matrices/cache/atmosmodl.073026.384x384.blocked,,,,,,,,,,,,skipped,,,,
atmosmodl.073026.384x384.random,/projects/cerebras/sandbox/maytayl/suitesparse-matrices/cache/atmosmodl.073026.384x384.random,,,,,,,,,,,,skipped,,,,
atmosmodl.073026.512x512.random,/projects/cerebras/sandbox/maytayl/suitesparse-matrices/cache/atmosmodl.073026.512x512.random,,,,,,,,,,,,skipped,,,,
atmosmodl.073026.512x512.blocked,/projects/cerebras/sandbox/maytayl/suitesparse-matrices/cache/atmosmodl.073026.512x512.blocked,,,,,,,,,,,,skipped,,,,
Chebyshev4.073026.256x256.blocked,/projects/cerebras/sandbox/maytayl/suitesparse-matrices/cache/Chebyshev4.073026.256x256.blocked,,,,,,,,,,,,skipped,,,,
Chebyshev4.073026.256x256.random,/projects/cerebras/sandbox/maytayl/suitesparse-matrices/cache/Chebyshev4.073026.256x256.random,,,,,,,,,,,,skipped,,,,
Chebyshev4.073026.384x384.blocked,/projects/cerebras/sandbox/maytayl/suitesparse-matrices/cache/Chebyshev4.073026.384x384.blocked,,,,,,,,,,,,skipped,,,,
Chebyshev4.073026.384x384.random,/projects/cerebras/sandbox/maytayl/suitesparse-matrices/cache/Chebyshev4.073026.384x384.random,,,,,,,,,,,,skipped,,,,
Chebyshev4.073026.512x512.blocked,/projects/cerebras/sandbox/maytayl/suitesparse-matrices/cache/Chebyshev4.073026.512x512.blocked,,,,,,,,,,,,skipped,,,,
Chebyshev4.073026.512x512.random,/projects/cerebras/sandbox/maytayl/suitesparse-matrices/cache/Chebyshev4.073026.512x512.random,,,,,,,,,,,,skipped,,,,
com-Youtube.073026.256x256.blocked,/projects/cerebras/sandbox/maytayl/suitesparse-matrices/cache/com-Youtube.073026.256x256.blocked,,,,,,,,,,,,skipped,,,,
com-Youtube.073026.256x256.random,/projects/cerebras/sandbox/maytayl/suitesparse-matrices/cache/com-Youtube.073026.256x256.random,,,,,,,,,,,,skipped,,,,
com-Youtube.073026.384x384.blocked,/projects/cerebras/sandbox/maytayl/suitesparse-matrices/cache/com-Youtube.073026.384x384.blocked,,,,,,,,,,,,skipped,,,,
com-Youtube.073026.384x384.cyclic,/projects/cerebras/sandbox/maytayl/suitesparse-matrices/cache/com-Youtube.073026.384x384.cyclic,,,,,,,,,,,,skipped,,,,
com-Youtube.073026.512x512.blocked,/projects/cerebras/sandbox/maytayl/suitesparse-matrices/cache/com-Youtube.073026.512x512.blocked,,,,,,,,,,,,skipped,,,,
com-Youtube.073026.512x512.cyclic,/projects/cerebras/sandbox/maytayl/suitesparse-matrices/cache/com-Youtube.073026.512x512.cyclic,,,,,,,,,,,,skipped,,,,
crankseg_1.073026.256x256.blocked,/projects/cerebras/sandbox/maytayl/suitesparse-matrices/cache/crankseg_1.073026.256x256.blocked,,,,,,,,,,,,skipped,,,,
crankseg_1.073026.256x256.random,/projects/cerebras/sandbox/maytayl/suitesparse-matrices/cache/crankseg_1.073026.256x256.random,,,,,,,,,,,,skipped,,,,
crankseg_1.073026.384x384.blocked,/projects/cerebras/sandbox/maytayl/suitesparse-matrices/cache/crankseg_1.073026.384x384.blocked,,,,,,,,,,,,skipped,,,,
crankseg_1.073026.384x384.random,/projects/cerebras/sandbox/maytayl/suitesparse-matrices/cache/crankseg_1.073026.384x384.random,,,,,,,,,,,,skipped,,,,
crankseg_1.073026.512x512.blocked,/projects/cerebras/sandbox/maytayl/suitesparse-matrices/cache/crankseg_1.073026.512x512.blocked,,,,,,,,,,,,skipped,,,,
crankseg_1.073026.512x512.random,/projects/cerebras/sandbox/maytayl/suitesparse-matrices/cache/crankseg_1.073026.512x512.random,,,,,,,,,,,,skipped,,,,
delaunay_n23.073026.256x256.blocked,/projects/cerebras/sandbox/maytayl/suitesparse-matrices/cache/delaunay_n23.073026.256x256.blocked,,,,,,,,,,,,skipped,,,,
delaunay_n23.073026.256x256.cyclic,/projects/cerebras/sandbox/maytayl/suitesparse-matrices/cache/delaunay_n23.073026.256x256.cyclic,,,,,,,,,,,,skipped,,,,
delaunay_n23.073026.256x256.random,/projects/cerebras/sandbox/maytayl/suitesparse-matrices/cache/delaunay_n23.073026.256x256.random,,,,,,,,,,,,skipped,,,,
delaunay_n23.073026.384x384.blocked,/projects/cerebras/sandbox/maytayl/suitesparse-matrices/cache/delaunay_n23.073026.384x384.blocked,,,,,,,,,,,,skipped,,,,
delaunay_n23.073026.384x384.cyclic,/projects/cerebras/sandbox/maytayl/suitesparse-matrices/cache/delaunay_n23.073026.384x384.cyclic,,,,,,,,,,,,skipped,,,,
delaunay_n23.073026.384x384.random,/projects/cerebras/sandbox/maytayl/suitesparse-matrices/cache/delaunay_n23.073026.384x384.random,,,,,,,,,,,,skipped,,,,
delaunay_n23.073026.512x512.blocked,/projects/cerebras/sandbox/maytayl/suitesparse-matrices/cache/delaunay_n23.073026.512x512.blocked,,,,,,,,,,,,skipped,,,,
delaunay_n23.073026.512x512.cyclic,/projects/cerebras/sandbox/maytayl/suitesparse-matrices/cache/delaunay_n23.073026.512x512.cyclic,,,,,,,,,,,,skipped,,,,
delaunay_n23.073026.512x512.random,/projects/cerebras/sandbox/maytayl/suitesparse-matrices/cache/delaunay_n23.073026.512x512.random,,,,,,,,,,,,skipped,,,,
dielFilterV2real.073026.256x256.blocked,/projects/cerebras/sandbox/maytayl/suitesparse-matrices/cache/dielFilterV2real.073026.256x256.blocked,,,,,,,,,,,,skipped,,,,
dielFilterV2real.073026.256x256.random,/projects/cerebras/sandbox/maytayl/suitesparse-matrices/cache/dielFilterV2real.073026.256x256.random,,,,,,,,,,,,skipped,,,,
dielFilterV2real.073026.384x384.blocked,/projects/cerebras/sandbox/maytayl/suitesparse-matrices/cache/dielFilterV2real.073026.384x384.blocked,,,,,,,,,,,,skipped,,,,
radiation.080526.509x510.cyclic,/projects/cerebras/sandbox/maytayl/suitesparse-matrices/cache/radiation.080526.509x510.cyclic,509,510,223104,223104,59,9711.0,9181.0,1450.0,226.0,row,
